evento_id,event_time,loja_id,valor,data_lote
E-1001,2026-08-01T09:12:00,L1,120.00,2026-08-01
E-1002,2026-08-01T11:40:00,L1,80.50,2026-08-01
E-1003,2026-08-01T15:05:00,L2,210.00,2026-08-01
E-1004,2026-08-01T18:22:00,L3,55.00,2026-08-01
E-1003,2026-08-01T15:05:00,L2,210.00,2026-08-02
E-1010,2026-08-02T08:30:00,L1,99.90,2026-08-02
E-1011,2026-08-02T10:15:00,L2,140.00,2026-08-02
E-1012,2026-08-02T16:48:00,L2,60.00,2026-08-02
E-1013,2026-08-02T20:01:00,L3,300.00,2026-08-02
E-1020,2026-08-03T09:00:00,L1,45.00,2026-08-03
E-1021,2026-08-03T12:33:00,L1,75.00,2026-08-03
E-1022,2026-08-03T14:10:00,L3,500.00,2026-08-03
E-1030,2026-08-04T08:05:00,L1,130.00,2026-08-04
E-1031,2026-08-04T10:50:00,L2,90.00,2026-08-04
E-1032,2026-08-04T13:20:00,L2,160.00,2026-08-04
E-1033,2026-08-04T19:45:00,L3,70.00,2026-08-05
E-1040,2026-08-05T09:30:00,L1,110.00,2026-08-05
E-1041,2026-08-05T11:11:00,L2,200.00,2026-08-05
E-1042,2026-08-05T17:00:00,L3,65.00,2026-08-05
E-1042,2026-08-05T17:00:00,L3,65.00,2026-08-06
E-1050,2026-08-06T08:45:00,L1,95.00,2026-08-06
E-1051,2026-08-06T15:30:00,L2,175.00,2026-08-06
E-1052,2026-08-06T21:05:00,L3,40.00,2026-08-07
E-1060,2026-08-07T10:00:00,L1,220.00,2026-08-07
E-1061,2026-08-07T13:40:00,L1,30.00,2026-08-07
E-1062,2026-08-07T16:20:00,L2,150.00,2026-08-07
